images,line-length
img1,Bouncer
img2,FullLength
img3,Yorker
img4,FullLength
img5,GoodLength
img6,BackLength
img7,Yorker
img8,FullLength
img9,Bouncer
img10,GoodLength
img11,BackLength
img12,FullLength
img13,Yorker
img14,Yorker
img15,GoodLength
img16,Bouncer
img17,BackLength
img18,GoodLength
img19,FullLength
img20,Yorker
img21,Yorker
img22,FullLength
img23,FullLength
img24,BackLength
img25,FullLength
img26,Yorker
img27,Yorker
img28,BackLength
img29,GoodLength
img30,BackLength
img31,GoodLength
img32,BackLength
img33,Yorker
img34,GoodLength
img35,FullLength
img36,Bouncer
img37,Bouncer
img38,FullLength
img39,GoodLength
img40,Yorker
img41,FullLength
img42,FullLength
img43,Yorker
img44,GoodLength
img45,Yorker
img46,Bouncer
img47,Bouncer
img48,Yorker
img49,BackLength
img50,FullLength
img51,GoodLength
img52,FullLength
img53,FullLength
img54,FullLength
img55,FullLength
img56,BackLength
img57,GoodLength
img58,Bouncer
img59,FullLength
img60,FullLength
img61,FullLength
img62,BackLength
img63,Bouncer
img64,GoodLength
img65,FullLength
img66,Bouncer
img67,GoodLength
img68,FullLength
img69,GoodLength
img70,Yorker
img71,FullLength
img72,FullLength
img73,FullLength
img74,BackLength
img75,GoodLength
img76,Bouncer
img77,GoodLength
img78,GoodLength
img79,Yorker
img80,Yorker
img81,BackLength
img82,GoodLength
img83,BackLength
img84,GoodLength
img85,BackLength
img86,FullLength
img87,GoodLength
img88,BackLength
img89,Bouncer
img90,GoodLength
img91,Yorker
img92,BackLength
img93,BackLength
img94,BackLength
img95,FullLength
img96,Bouncer
img97,GoodLength
img98,Yorker
img99,GoodLength
img100,BackLength
