images,length
img1,offStump
img2,offStump
img3,Wide
img4,middleStump
img5,legStump
img6,middleStump
img7,fifthStump
img8,Wide
img9,legStump
img10,middleStump
img11,fourthStump
img12,fifthStump
img13,fourthStump
img14,Wide
img15,Wide
img16,offStump
img17,Wide
img18,middleStump
img19,fifthStump
img20,Wide
img21,Wide
img22,Wide
img23,offStump
img24,Wide
img25,legStump
img26,Wide
img27,offStump
img28,offStump
img29,fifthStump
img30,legStump
img31,middleStump
img32,legStump
img33,middleStump
img34,fourthStump
img35,legStump
img36,Wide
img37,fifthStump
img38,legStump
img39,fourthStump
img40,fifthStump
img41,Wide
img42,Wide
img43,legStump
img44,legStump
img45,Wide
img46,fifthStump
img47,middleStump
img48,Wide
img49,fifthStump
img50,offStump
img51,offStump
img52,fourthStump
img53,fifthStump
img54,fifthStump
img55,offStump
img56,fourthStump
img57,offStump
img58,offStump
img59,legStump
img60,middleStump
img61,Wide
img62,Wide
img63,fourthStump
img64,fourthStump
img65,fourthStump
img66,Wide
img67,Wide
img68,Wide
img69,legStump
img70,Wide
img71,Wide
img72,Wide
img73,Wide
img74,Wide
img75,Wide
img76,Wide
img77,Wide
img78,legStump
img79,Wide
img80,Wide
img81,offStump
img82,fourthStump
img83,offStump
img84,middleStump
img85,middleStump
img86,legStump
img87,fourthStump
img88,Wide
img89,Wide
img90,fifthStump
img91,Wide
img92,middleStump
img93,offStump
img94,legStump
img95,Wide
img96,offStump
img97,fourthStump
img98,fifthStump
img99,legStump
img100,legStump
